"learner","metric","value","metric_group","base_method","meta_type"
"ols_inter","mse_median",5.377728,"MSE","ols","OLS"
"ols_inter","mse_p10",2.164876,"MSE","ols","OLS"
"ols_inter","mse_p25",3.635511,"MSE","ols","OLS"
"ols_inter","mse_p75",7.88995,"MSE","ols","OLS"
"ols_inter","mse_p90",10.952588,"MSE","ols","OLS"
"ols_inter","mse_mean",6.066148,"MSE","ols","OLS"
"ols_inter","nmse_median",0.36195,"nMSE","ols","OLS"
"ols_inter","nmse_p10",0.15569,"nMSE","ols","OLS"
"ols_inter","nmse_p25",0.24785,"nMSE","ols","OLS"
"ols_inter","nmse_p75",0.512225,"nMSE","ols","OLS"
"ols_inter","nmse_p90",0.74621,"nMSE","ols","OLS"
"ols_inter","nmse_mean",0.411012,"nMSE","ols","OLS"
"ols_inter","pct_beats_zero",0.978261,"vs_zero_pred","ols","OLS"
"ols_inter","pct_worse_zero",0.021739,"vs_zero_pred","ols","OLS"
"ols_inter","rank_corr_mean",0.816725,"rank_correlation","ols","OLS"
"ols_inter","rank_corr_sd",0.129902,"rank_correlation","ols","OLS"
"ols_inter","rank_corr_p10",0.65163,"rank_correlation","ols","OLS"
"ols_inter","rank_corr_p50",0.84525,"rank_correlation","ols","OLS"
"ols_inter","rank_corr_p90",0.94212,"rank_correlation","ols","OLS"
"ols_inter","sign_sg1_rate",0.967391,"sign_recovery","ols","OLS"
"ols_inter","sign_sg2_rate",0.880435,"sign_recovery","ols","OLS"
"ols_inter","sign_both_rate",0.847826,"sign_recovery","ols","OLS"
"ols_inter","sign_sg2_ate_q1",0.956522,"sign_recovery","ols","OLS"
"ols_inter","sign_sg2_ate_q4",0.782609,"sign_recovery","ols","OLS"
"ols_inter","rec_sg1_p10",0.27114,"recovery_ratio_sg1","ols","OLS"
"ols_inter","rec_sg1_p25",0.448725,"recovery_ratio_sg1","ols","OLS"
"ols_inter","rec_sg1_p50",0.6702,"recovery_ratio_sg1","ols","OLS"
"ols_inter","rec_sg1_p75",0.87325,"recovery_ratio_sg1","ols","OLS"
"ols_inter","rec_sg1_p90",1.03042,"recovery_ratio_sg1","ols","OLS"
"ols_inter","rec_sg2_p10",-0.03793,"recovery_ratio_sg2","ols","OLS"
"ols_inter","rec_sg2_p25",0.204825,"recovery_ratio_sg2","ols","OLS"
"ols_inter","rec_sg2_p50",0.5619,"recovery_ratio_sg2","ols","OLS"
"ols_inter","rec_sg2_p75",1.011925,"recovery_ratio_sg2","ols","OLS"
"ols_inter","rec_sg2_p90",1.22464,"recovery_ratio_sg2","ols","OLS"
"ols_inter","ate_bias_mean",0.095476,"ate_bias","ols","OLS"
"ols_inter","ate_bias_sd",1.078548,"ate_bias","ols","OLS"
"ols_inter","bias_sq",1.16606,"other","ols","OLS"
"ols_inter","variance",4.900089,"other","ols","OLS"
"ols_inter","norm_bias_sq",0.078268,"bias_variance","ols","OLS"
"ols_inter","norm_variance",0.332744,"bias_variance","ols","OLS"
"rboost","mse_median",12.585269,"MSE","boost","R-learner"
"rboost","mse_p10",6.641478,"MSE","boost","R-learner"
"rboost","mse_p25",9.020508,"MSE","boost","R-learner"
"rboost","mse_p75",15.752065,"MSE","boost","R-learner"
"rboost","mse_p90",18.27944,"MSE","boost","R-learner"
"rboost","mse_mean",12.585731,"MSE","boost","R-learner"
"rboost","nmse_median",0.8682,"nMSE","boost","R-learner"
"rboost","nmse_p10",0.44126,"nMSE","boost","R-learner"
"rboost","nmse_p25",0.5985,"nMSE","boost","R-learner"
"rboost","nmse_p75",1.040875,"nMSE","boost","R-learner"
"rboost","nmse_p90",1.21927,"nMSE","boost","R-learner"
"rboost","nmse_mean",0.85026,"nMSE","boost","R-learner"
"rboost","pct_beats_zero",0.755435,"vs_zero_pred","boost","R-learner"
"rboost","pct_worse_zero",0.244565,"vs_zero_pred","boost","R-learner"
"rboost","rank_corr_mean",0.652322,"rank_correlation","boost","R-learner"
"rboost","rank_corr_sd",0.168127,"rank_correlation","boost","R-learner"
"rboost","rank_corr_p10",0.40359,"rank_correlation","boost","R-learner"
"rboost","rank_corr_p50",0.6912,"rank_correlation","boost","R-learner"
"rboost","rank_corr_p90",0.83123,"rank_correlation","boost","R-learner"
"rboost","sign_sg1_rate",0.875,"sign_recovery","boost","R-learner"
"rboost","sign_sg2_rate",0.592391,"sign_recovery","boost","R-learner"
"rboost","sign_both_rate",0.467391,"sign_recovery","boost","R-learner"
"rboost","sign_sg2_ate_q1",0.652174,"sign_recovery","boost","R-learner"
"rboost","sign_sg2_ate_q4",0.608696,"sign_recovery","boost","R-learner"
"rboost","rec_sg1_p10",-0.06508,"recovery_ratio_sg1","boost","R-learner"
"rboost","rec_sg1_p25",0.174025,"recovery_ratio_sg1","boost","R-learner"
"rboost","rec_sg1_p50",0.4275,"recovery_ratio_sg1","boost","R-learner"
"rboost","rec_sg1_p75",0.71675,"recovery_ratio_sg1","boost","R-learner"
"rboost","rec_sg1_p90",0.98166,"recovery_ratio_sg1","boost","R-learner"
"rboost","rec_sg2_p10",-0.67739,"recovery_ratio_sg2","boost","R-learner"
"rboost","rec_sg2_p25",-0.307425,"recovery_ratio_sg2","boost","R-learner"
"rboost","rec_sg2_p50",0.2039,"recovery_ratio_sg2","boost","R-learner"
"rboost","rec_sg2_p75",0.780025,"recovery_ratio_sg2","boost","R-learner"
"rboost","rec_sg2_p90",1.1356,"recovery_ratio_sg2","boost","R-learner"
"rboost","ate_bias_mean",0.057327,"ate_bias","boost","R-learner"
"rboost","ate_bias_sd",1.223423,"ate_bias","boost","R-learner"
"rboost","bias_sq",1.491916,"other","boost","R-learner"
"rboost","variance",11.093814,"other","boost","R-learner"
"rboost","norm_bias_sq",0.10014,"bias_variance","boost","R-learner"
"rboost","norm_variance",0.75012,"bias_variance","boost","R-learner"
"rkern","mse_median",5.068732,"MSE","kernel","R-learner"
"rkern","mse_p10",1.914181,"MSE","kernel","R-learner"
"rkern","mse_p25",2.939851,"MSE","kernel","R-learner"
"rkern","mse_p75",8.803939,"MSE","kernel","R-learner"
"rkern","mse_p90",13.211094,"MSE","kernel","R-learner"
"rkern","mse_mean",32.517362,"MSE","kernel","R-learner"
"rkern","nmse_median",0.34485,"nMSE","kernel","R-learner"
"rkern","nmse_p10",0.13164,"nMSE","kernel","R-learner"
"rkern","nmse_p25",0.200725,"nMSE","kernel","R-learner"
"rkern","nmse_p75",0.572275,"nMSE","kernel","R-learner"
"rkern","nmse_p90",0.87662,"nMSE","kernel","R-learner"
"rkern","nmse_mean",1.961935,"nMSE","kernel","R-learner"
"rkern","pct_beats_zero",0.929348,"vs_zero_pred","kernel","R-learner"
"rkern","pct_worse_zero",0.070652,"vs_zero_pred","kernel","R-learner"
"rkern","rank_corr_mean",0.842064,"rank_correlation","kernel","R-learner"
"rkern","rank_corr_sd",0.153042,"rank_correlation","kernel","R-learner"
"rkern","rank_corr_p10",0.67321,"rank_correlation","kernel","R-learner"
"rkern","rank_corr_p50",0.88475,"rank_correlation","kernel","R-learner"
"rkern","rank_corr_p90",0.96126,"rank_correlation","kernel","R-learner"
"rkern","sign_sg1_rate",0.98913,"sign_recovery","kernel","R-learner"
"rkern","sign_sg2_rate",0.875,"sign_recovery","kernel","R-learner"
"rkern","sign_both_rate",0.86413,"sign_recovery","kernel","R-learner"
"rkern","sign_sg2_ate_q1",0.956522,"sign_recovery","kernel","R-learner"
"rkern","sign_sg2_ate_q4",0.73913,"sign_recovery","kernel","R-learner"
"rkern","rec_sg1_p10",0.34011,"recovery_ratio_sg1","kernel","R-learner"
"rkern","rec_sg1_p25",0.543125,"recovery_ratio_sg1","kernel","R-learner"
"rkern","rec_sg1_p50",0.7825,"recovery_ratio_sg1","kernel","R-learner"
"rkern","rec_sg1_p75",1.022475,"recovery_ratio_sg1","kernel","R-learner"
"rkern","rec_sg1_p90",1.26895,"recovery_ratio_sg1","kernel","R-learner"
"rkern","rec_sg2_p10",-0.04615,"recovery_ratio_sg2","kernel","R-learner"
"rkern","rec_sg2_p25",0.280575,"recovery_ratio_sg2","kernel","R-learner"
"rkern","rec_sg2_p50",0.67725,"recovery_ratio_sg2","kernel","R-learner"
"rkern","rec_sg2_p75",1.033325,"recovery_ratio_sg2","kernel","R-learner"
"rkern","rec_sg2_p90",1.48107,"recovery_ratio_sg2","kernel","R-learner"
"rkern","ate_bias_mean",0.122651,"ate_bias","kernel","R-learner"
"rkern","ate_bias_sd",2.143488,"ate_bias","kernel","R-learner"
"rkern","bias_sq",4.584615,"other","kernel","R-learner"
"rkern","variance",27.932747,"other","kernel","R-learner"
"rkern","norm_bias_sq",0.307727,"bias_variance","kernel","R-learner"
"rkern","norm_variance",1.654208,"bias_variance","kernel","R-learner"
"rlasso","mse_median",5.173834,"MSE","lasso","R-learner"
"rlasso","mse_p10",2.262089,"MSE","lasso","R-learner"
"rlasso","mse_p25",3.612136,"MSE","lasso","R-learner"
"rlasso","mse_p75",8.433706,"MSE","lasso","R-learner"
"rlasso","mse_p90",12.091918,"MSE","lasso","R-learner"
"rlasso","mse_mean",6.328552,"MSE","lasso","R-learner"
"rlasso","nmse_median",0.35835,"nMSE","lasso","R-learner"
"rlasso","nmse_p10",0.14477,"nMSE","lasso","R-learner"
"rlasso","nmse_p25",0.232275,"nMSE","lasso","R-learner"
"rlasso","nmse_p75",0.563625,"nMSE","lasso","R-learner"
"rlasso","nmse_p90",0.81889,"nMSE","lasso","R-learner"
"rlasso","nmse_mean",0.42311,"nMSE","lasso","R-learner"
"rlasso","pct_beats_zero",0.983696,"vs_zero_pred","lasso","R-learner"
"rlasso","pct_worse_zero",0.016304,"vs_zero_pred","lasso","R-learner"
"rlasso","rank_corr_mean",0.845849,"rank_correlation","lasso","R-learner"
"rlasso","rank_corr_sd",0.099389,"rank_correlation","lasso","R-learner"
"rlasso","rank_corr_p10",0.70637,"rank_correlation","lasso","R-learner"
"rlasso","rank_corr_p50",0.87025,"rank_correlation","lasso","R-learner"
"rlasso","rank_corr_p90",0.9632,"rank_correlation","lasso","R-learner"
"rlasso","sign_sg1_rate",0.994565,"sign_recovery","lasso","R-learner"
"rlasso","sign_sg2_rate",0.86413,"sign_recovery","lasso","R-learner"
"rlasso","sign_both_rate",0.858696,"sign_recovery","lasso","R-learner"
"rlasso","sign_sg2_ate_q1",0.934783,"sign_recovery","lasso","R-learner"
"rlasso","sign_sg2_ate_q4",0.76087,"sign_recovery","lasso","R-learner"
"rlasso","rec_sg1_p10",0.25564,"recovery_ratio_sg1","lasso","R-learner"
"rlasso","rec_sg1_p25",0.529425,"recovery_ratio_sg1","lasso","R-learner"
"rlasso","rec_sg1_p50",0.7815,"recovery_ratio_sg1","lasso","R-learner"
"rlasso","rec_sg1_p75",1.02565,"recovery_ratio_sg1","lasso","R-learner"
"rlasso","rec_sg1_p90",1.25726,"recovery_ratio_sg1","lasso","R-learner"
"rlasso","rec_sg2_p10",-0.0784,"recovery_ratio_sg2","lasso","R-learner"
"rlasso","rec_sg2_p25",0.344025,"recovery_ratio_sg2","lasso","R-learner"
"rlasso","rec_sg2_p50",0.76245,"recovery_ratio_sg2","lasso","R-learner"
"rlasso","rec_sg2_p75",1.10615,"recovery_ratio_sg2","lasso","R-learner"
"rlasso","rec_sg2_p90",1.57916,"recovery_ratio_sg2","lasso","R-learner"
"rlasso","ate_bias_mean",0.052909,"ate_bias","lasso","R-learner"
"rlasso","ate_bias_sd",1.091929,"ate_bias","lasso","R-learner"
"rlasso","bias_sq",1.188628,"other","lasso","R-learner"
"rlasso","variance",5.139924,"other","lasso","R-learner"
"rlasso","norm_bias_sq",0.079783,"bias_variance","lasso","R-learner"
"rlasso","norm_variance",0.343327,"bias_variance","lasso","R-learner"
"sboost","mse_median",11.828965,"MSE","boost","S-learner"
"sboost","mse_p10",8.189344,"MSE","boost","S-learner"
"sboost","mse_p25",9.668642,"MSE","boost","S-learner"
"sboost","mse_p75",14.997638,"MSE","boost","S-learner"
"sboost","mse_p90",18.179204,"MSE","boost","S-learner"
"sboost","mse_mean",12.788905,"MSE","boost","S-learner"
"sboost","nmse_median",0.80035,"nMSE","boost","S-learner"
"sboost","nmse_p10",0.53939,"nMSE","boost","S-learner"
"sboost","nmse_p25",0.673525,"nMSE","boost","S-learner"
"sboost","nmse_p75",1.0224,"nMSE","boost","S-learner"
"sboost","nmse_p90",1.23246,"nMSE","boost","S-learner"
"sboost","nmse_mean",0.865715,"nMSE","boost","S-learner"
"sboost","pct_beats_zero",0.76087,"vs_zero_pred","boost","S-learner"
"sboost","pct_worse_zero",0.23913,"vs_zero_pred","boost","S-learner"
"sboost","rank_corr_mean",0.565553,"rank_correlation","boost","S-learner"
"sboost","rank_corr_sd",0.162276,"rank_correlation","boost","S-learner"
"sboost","rank_corr_p10",0.33705,"rank_correlation","boost","S-learner"
"sboost","rank_corr_p50",0.5917,"rank_correlation","boost","S-learner"
"sboost","rank_corr_p90",0.73952,"rank_correlation","boost","S-learner"
"sboost","sign_sg1_rate",0.923913,"sign_recovery","boost","S-learner"
"sboost","sign_sg2_rate",0.826087,"sign_recovery","boost","S-learner"
"sboost","sign_both_rate",0.755435,"sign_recovery","boost","S-learner"
"sboost","sign_sg2_ate_q1",0.826087,"sign_recovery","boost","S-learner"
"sboost","sign_sg2_ate_q4",0.73913,"sign_recovery","boost","S-learner"
"sboost","rec_sg1_p10",0.11408,"recovery_ratio_sg1","boost","S-learner"
"sboost","rec_sg1_p25",0.30205,"recovery_ratio_sg1","boost","S-learner"
"sboost","rec_sg1_p50",0.5593,"recovery_ratio_sg1","boost","S-learner"
"sboost","rec_sg1_p75",0.82975,"recovery_ratio_sg1","boost","S-learner"
"sboost","rec_sg1_p90",1.02121,"recovery_ratio_sg1","boost","S-learner"
"sboost","rec_sg2_p10",-0.20967,"recovery_ratio_sg2","boost","S-learner"
"sboost","rec_sg2_p25",0.158175,"recovery_ratio_sg2","boost","S-learner"
"sboost","rec_sg2_p50",0.47955,"recovery_ratio_sg2","boost","S-learner"
"sboost","rec_sg2_p75",0.820425,"recovery_ratio_sg2","boost","S-learner"
"sboost","rec_sg2_p90",1.33616,"recovery_ratio_sg2","boost","S-learner"
"sboost","ate_bias_mean",0.064171,"ate_bias","boost","S-learner"
"sboost","ate_bias_sd",1.02623,"ate_bias","boost","S-learner"
"sboost","bias_sq",1.051542,"other","boost","S-learner"
"sboost","variance",11.737364,"other","boost","S-learner"
"sboost","norm_bias_sq",0.070581,"bias_variance","boost","S-learner"
"sboost","norm_variance",0.795133,"bias_variance","boost","S-learner"
"skern","mse_median",5.102727,"MSE","kernel","S-learner"
"skern","mse_p10",2.450853,"MSE","kernel","S-learner"
"skern","mse_p25",3.532025,"MSE","kernel","S-learner"
"skern","mse_p75",7.158797,"MSE","kernel","S-learner"
"skern","mse_p90",8.970271,"MSE","kernel","S-learner"
"skern","mse_mean",5.596107,"MSE","kernel","S-learner"
"skern","nmse_median",0.335,"nMSE","kernel","S-learner"
"skern","nmse_p10",0.16953,"nMSE","kernel","S-learner"
"skern","nmse_p25",0.228,"nMSE","kernel","S-learner"
"skern","nmse_p75",0.48775,"nMSE","kernel","S-learner"
"skern","nmse_p90",0.6034,"nMSE","kernel","S-learner"
"skern","nmse_mean",0.377611,"nMSE","kernel","S-learner"
"skern","pct_beats_zero",0.98913,"vs_zero_pred","kernel","S-learner"
"skern","pct_worse_zero",0.01087,"vs_zero_pred","kernel","S-learner"
"skern","rank_corr_mean",0.849092,"rank_correlation","kernel","S-learner"
"skern","rank_corr_sd",0.104148,"rank_correlation","kernel","S-learner"
"skern","rank_corr_p10",0.72319,"rank_correlation","kernel","S-learner"
"skern","rank_corr_p50",0.86715,"rank_correlation","kernel","S-learner"
"skern","rank_corr_p90",0.9522,"rank_correlation","kernel","S-learner"
"skern","sign_sg1_rate",0.972826,"sign_recovery","kernel","S-learner"
"skern","sign_sg2_rate",0.88587,"sign_recovery","kernel","S-learner"
"skern","sign_both_rate",0.858696,"sign_recovery","kernel","S-learner"
"skern","sign_sg2_ate_q1",0.956522,"sign_recovery","kernel","S-learner"
"skern","sign_sg2_ate_q4",0.804348,"sign_recovery","kernel","S-learner"
"skern","rec_sg1_p10",0.25673,"recovery_ratio_sg1","kernel","S-learner"
"skern","rec_sg1_p25",0.472825,"recovery_ratio_sg1","kernel","S-learner"
"skern","rec_sg1_p50",0.68045,"recovery_ratio_sg1","kernel","S-learner"
"skern","rec_sg1_p75",0.878125,"recovery_ratio_sg1","kernel","S-learner"
"skern","rec_sg1_p90",1.08251,"recovery_ratio_sg1","kernel","S-learner"
"skern","rec_sg2_p10",-0.07174,"recovery_ratio_sg2","kernel","S-learner"
"skern","rec_sg2_p25",0.24465,"recovery_ratio_sg2","kernel","S-learner"
"skern","rec_sg2_p50",0.55925,"recovery_ratio_sg2","kernel","S-learner"
"skern","rec_sg2_p75",0.933,"recovery_ratio_sg2","kernel","S-learner"
"skern","rec_sg2_p90",1.29461,"recovery_ratio_sg2","kernel","S-learner"
"skern","ate_bias_mean",0.157052,"ate_bias","kernel","S-learner"
"skern","ate_bias_sd",1.032047,"ate_bias","kernel","S-learner"
"skern","bias_sq",1.083997,"other","kernel","S-learner"
"skern","variance",4.51211,"other","kernel","S-learner"
"skern","norm_bias_sq",0.07276,"bias_variance","kernel","S-learner"
"skern","norm_variance",0.304851,"bias_variance","kernel","S-learner"
"slasso","mse_median",6.116207,"MSE","lasso","S-learner"
"slasso","mse_p10",2.767343,"MSE","lasso","S-learner"
"slasso","mse_p25",4.449823,"MSE","lasso","S-learner"
"slasso","mse_p75",9.139487,"MSE","lasso","S-learner"
"slasso","mse_p90",11.783085,"MSE","lasso","S-learner"
"slasso","mse_mean",6.919594,"MSE","lasso","S-learner"
"slasso","nmse_median",0.41675,"nMSE","lasso","S-learner"
"slasso","nmse_p10",0.20462,"nMSE","lasso","S-learner"
"slasso","nmse_p25",0.301175,"nMSE","lasso","S-learner"
"slasso","nmse_p75",0.64265,"nMSE","lasso","S-learner"
"slasso","nmse_p90",0.80053,"nMSE","lasso","S-learner"
"slasso","nmse_mean",0.467364,"nMSE","lasso","S-learner"
"slasso","pct_beats_zero",0.978261,"vs_zero_pred","lasso","S-learner"
"slasso","pct_worse_zero",0.021739,"vs_zero_pred","lasso","S-learner"
"slasso","rank_corr_mean",0.804878,"rank_correlation","lasso","S-learner"
"slasso","rank_corr_sd",0.127876,"rank_correlation","lasso","S-learner"
"slasso","rank_corr_p10",0.64283,"rank_correlation","lasso","S-learner"
"slasso","rank_corr_p50",0.8397,"rank_correlation","lasso","S-learner"
"slasso","rank_corr_p90",0.94125,"rank_correlation","lasso","S-learner"
"slasso","sign_sg1_rate",0.961957,"sign_recovery","lasso","S-learner"
"slasso","sign_sg2_rate",0.777174,"sign_recovery","lasso","S-learner"
"slasso","sign_both_rate",0.73913,"sign_recovery","lasso","S-learner"
"slasso","sign_sg2_ate_q1",0.869565,"sign_recovery","lasso","S-learner"
"slasso","sign_sg2_ate_q4",0.673913,"sign_recovery","lasso","S-learner"
"slasso","rec_sg1_p10",0.18362,"recovery_ratio_sg1","lasso","S-learner"
"slasso","rec_sg1_p25",0.355975,"recovery_ratio_sg1","lasso","S-learner"
"slasso","rec_sg1_p50",0.57375,"recovery_ratio_sg1","lasso","S-learner"
"slasso","rec_sg1_p75",0.7422,"recovery_ratio_sg1","lasso","S-learner"
"slasso","rec_sg1_p90",0.9535,"recovery_ratio_sg1","lasso","S-learner"
"slasso","rec_sg2_p10",-0.23528,"recovery_ratio_sg2","lasso","S-learner"
"slasso","rec_sg2_p25",0.09555,"recovery_ratio_sg2","lasso","S-learner"
"slasso","rec_sg2_p50",0.4489,"recovery_ratio_sg2","lasso","S-learner"
"slasso","rec_sg2_p75",0.837625,"recovery_ratio_sg2","lasso","S-learner"
"slasso","rec_sg2_p90",1.07151,"recovery_ratio_sg2","lasso","S-learner"
"slasso","ate_bias_mean",0.079463,"ate_bias","lasso","S-learner"
"slasso","ate_bias_sd",1.003131,"ate_bias","lasso","S-learner"
"slasso","bias_sq",1.007117,"other","lasso","S-learner"
"slasso","variance",5.912477,"other","lasso","S-learner"
"slasso","norm_bias_sq",0.067599,"bias_variance","lasso","S-learner"
"slasso","norm_variance",0.399765,"bias_variance","lasso","S-learner"
"tboost","mse_median",32.315552,"MSE","boost","T-learner"
"tboost","mse_p10",22.422879,"MSE","boost","T-learner"
"tboost","mse_p25",27.644679,"MSE","boost","T-learner"
"tboost","mse_p75",38.88046,"MSE","boost","T-learner"
"tboost","mse_p90",48.677498,"MSE","boost","T-learner"
"tboost","mse_mean",34.542483,"MSE","boost","T-learner"
"tboost","nmse_median",2.13045,"nMSE","boost","T-learner"
"tboost","nmse_p10",1.50306,"nMSE","boost","T-learner"
"tboost","nmse_p25",1.833125,"nMSE","boost","T-learner"
"tboost","nmse_p75",2.632075,"nMSE","boost","T-learner"
"tboost","nmse_p90",3.31215,"nMSE","boost","T-learner"
"tboost","nmse_mean",2.355424,"nMSE","boost","T-learner"
"tboost","pct_beats_zero",0.005435,"vs_zero_pred","boost","T-learner"
"tboost","pct_worse_zero",0.994565,"vs_zero_pred","boost","T-learner"
"tboost","rank_corr_mean",0.345398,"rank_correlation","boost","T-learner"
"tboost","rank_corr_sd",0.202413,"rank_correlation","boost","T-learner"
"tboost","rank_corr_p10",0.07502,"rank_correlation","boost","T-learner"
"tboost","rank_corr_p50",0.37415,"rank_correlation","boost","T-learner"
"tboost","rank_corr_p90",0.58559,"rank_correlation","boost","T-learner"
"tboost","sign_sg1_rate",0.86413,"sign_recovery","boost","T-learner"
"tboost","sign_sg2_rate",0.820652,"sign_recovery","boost","T-learner"
"tboost","sign_both_rate",0.706522,"sign_recovery","boost","T-learner"
"tboost","sign_sg2_ate_q1",0.869565,"sign_recovery","boost","T-learner"
"tboost","sign_sg2_ate_q4",0.782609,"sign_recovery","boost","T-learner"
"tboost","rec_sg1_p10",-0.11453,"recovery_ratio_sg1","boost","T-learner"
"tboost","rec_sg1_p25",0.2434,"recovery_ratio_sg1","boost","T-learner"
"tboost","rec_sg1_p50",0.57435,"recovery_ratio_sg1","boost","T-learner"
"tboost","rec_sg1_p75",0.910675,"recovery_ratio_sg1","boost","T-learner"
"tboost","rec_sg1_p90",1.32613,"recovery_ratio_sg1","boost","T-learner"
"tboost","rec_sg2_p10",-0.1892,"recovery_ratio_sg2","boost","T-learner"
"tboost","rec_sg2_p25",0.2229,"recovery_ratio_sg2","boost","T-learner"
"tboost","rec_sg2_p50",0.66125,"recovery_ratio_sg2","boost","T-learner"
"tboost","rec_sg2_p75",1.17655,"recovery_ratio_sg2","boost","T-learner"
"tboost","rec_sg2_p90",1.77364,"recovery_ratio_sg2","boost","T-learner"
"tboost","ate_bias_mean",0.195897,"ate_bias","boost","T-learner"
"tboost","ate_bias_sd",1.362796,"ate_bias","boost","T-learner"
"tboost","bias_sq",1.885496,"other","boost","T-learner"
"tboost","variance",32.656987,"other","boost","T-learner"
"tboost","norm_bias_sq",0.126558,"bias_variance","boost","T-learner"
"tboost","norm_variance",2.228866,"bias_variance","boost","T-learner"
"tkern","mse_median",6.401154,"MSE","kernel","T-learner"
"tkern","mse_p10",3.002447,"MSE","kernel","T-learner"
"tkern","mse_p25",4.158667,"MSE","kernel","T-learner"
"tkern","mse_p75",9.260715,"MSE","kernel","T-learner"
"tkern","mse_p90",11.916411,"MSE","kernel","T-learner"
"tkern","mse_mean",7.578936,"MSE","kernel","T-learner"
"tkern","nmse_median",0.4326,"nMSE","kernel","T-learner"
"tkern","nmse_p10",0.20647,"nMSE","kernel","T-learner"
"tkern","nmse_p25",0.29765,"nMSE","kernel","T-learner"
"tkern","nmse_p75",0.636625,"nMSE","kernel","T-learner"
"tkern","nmse_p90",0.88379,"nMSE","kernel","T-learner"
"tkern","nmse_mean",0.512457,"nMSE","kernel","T-learner"
"tkern","pct_beats_zero",0.951087,"vs_zero_pred","kernel","T-learner"
"tkern","pct_worse_zero",0.048913,"vs_zero_pred","kernel","T-learner"
"tkern","rank_corr_mean",0.794441,"rank_correlation","kernel","T-learner"
"tkern","rank_corr_sd",0.13458,"rank_correlation","kernel","T-learner"
"tkern","rank_corr_p10",0.62969,"rank_correlation","kernel","T-learner"
"tkern","rank_corr_p50",0.81885,"rank_correlation","kernel","T-learner"
"tkern","rank_corr_p90",0.92696,"rank_correlation","kernel","T-learner"
"tkern","sign_sg1_rate",0.983696,"sign_recovery","kernel","T-learner"
"tkern","sign_sg2_rate",0.907609,"sign_recovery","kernel","T-learner"
"tkern","sign_both_rate",0.891304,"sign_recovery","kernel","T-learner"
"tkern","sign_sg2_ate_q1",0.978261,"sign_recovery","kernel","T-learner"
"tkern","sign_sg2_ate_q4",0.826087,"sign_recovery","kernel","T-learner"
"tkern","rec_sg1_p10",0.26361,"recovery_ratio_sg1","kernel","T-learner"
"tkern","rec_sg1_p25",0.491275,"recovery_ratio_sg1","kernel","T-learner"
"tkern","rec_sg1_p50",0.73735,"recovery_ratio_sg1","kernel","T-learner"
"tkern","rec_sg1_p75",0.9897,"recovery_ratio_sg1","kernel","T-learner"
"tkern","rec_sg1_p90",1.165,"recovery_ratio_sg1","kernel","T-learner"
"tkern","rec_sg2_p10",0.04068,"recovery_ratio_sg2","kernel","T-learner"
"tkern","rec_sg2_p25",0.398475,"recovery_ratio_sg2","kernel","T-learner"
"tkern","rec_sg2_p50",0.68505,"recovery_ratio_sg2","kernel","T-learner"
"tkern","rec_sg2_p75",1.1337,"recovery_ratio_sg2","kernel","T-learner"
"tkern","rec_sg2_p90",1.49824,"recovery_ratio_sg2","kernel","T-learner"
"tkern","ate_bias_mean",0.193471,"ate_bias","kernel","T-learner"
"tkern","ate_bias_sd",1.096354,"ate_bias","kernel","T-learner"
"tkern","bias_sq",1.232891,"other","kernel","T-learner"
"tkern","variance",6.346044,"other","kernel","T-learner"
"tkern","norm_bias_sq",0.082754,"bias_variance","kernel","T-learner"
"tkern","norm_variance",0.429703,"bias_variance","kernel","T-learner"
"tlasso","mse_median",5.722388,"MSE","lasso","T-learner"
"tlasso","mse_p10",2.360391,"MSE","lasso","T-learner"
"tlasso","mse_p25",4.035724,"MSE","lasso","T-learner"
"tlasso","mse_p75",8.067609,"MSE","lasso","T-learner"
"tlasso","mse_p90",10.93979,"MSE","lasso","T-learner"
"tlasso","mse_mean",6.380595,"MSE","lasso","T-learner"
"tlasso","nmse_median",0.3916,"nMSE","lasso","T-learner"
"tlasso","nmse_p10",0.16054,"nMSE","lasso","T-learner"
"tlasso","nmse_p25",0.2739,"nMSE","lasso","T-learner"
"tlasso","nmse_p75",0.539225,"nMSE","lasso","T-learner"
"tlasso","nmse_p90",0.75486,"nMSE","lasso","T-learner"
"tlasso","nmse_mean",0.433022,"nMSE","lasso","T-learner"
"tlasso","pct_beats_zero",0.967391,"vs_zero_pred","lasso","T-learner"
"tlasso","pct_worse_zero",0.032609,"vs_zero_pred","lasso","T-learner"
"tlasso","rank_corr_mean",0.802993,"rank_correlation","lasso","T-learner"
"tlasso","rank_corr_sd",0.140155,"rank_correlation","lasso","T-learner"
"tlasso","rank_corr_p10",0.62746,"rank_correlation","lasso","T-learner"
"tlasso","rank_corr_p50",0.8335,"rank_correlation","lasso","T-learner"
"tlasso","rank_corr_p90",0.94538,"rank_correlation","lasso","T-learner"
"tlasso","sign_sg1_rate",0.978261,"sign_recovery","lasso","T-learner"
"tlasso","sign_sg2_rate",0.880435,"sign_recovery","lasso","T-learner"
"tlasso","sign_both_rate",0.858696,"sign_recovery","lasso","T-learner"
"tlasso","sign_sg2_ate_q1",0.956522,"sign_recovery","lasso","T-learner"
"tlasso","sign_sg2_ate_q4",0.782609,"sign_recovery","lasso","T-learner"
"tlasso","rec_sg1_p10",0.23827,"recovery_ratio_sg1","lasso","T-learner"
"tlasso","rec_sg1_p25",0.39815,"recovery_ratio_sg1","lasso","T-learner"
"tlasso","rec_sg1_p50",0.62415,"recovery_ratio_sg1","lasso","T-learner"
"tlasso","rec_sg1_p75",0.8276,"recovery_ratio_sg1","lasso","T-learner"
"tlasso","rec_sg1_p90",0.99996,"recovery_ratio_sg1","lasso","T-learner"
"tlasso","rec_sg2_p10",-0.05208,"recovery_ratio_sg2","lasso","T-learner"
"tlasso","rec_sg2_p25",0.20105,"recovery_ratio_sg2","lasso","T-learner"
"tlasso","rec_sg2_p50",0.55075,"recovery_ratio_sg2","lasso","T-learner"
"tlasso","rec_sg2_p75",0.964175,"recovery_ratio_sg2","lasso","T-learner"
"tlasso","rec_sg2_p90",1.22191,"recovery_ratio_sg2","lasso","T-learner"
"tlasso","ate_bias_mean",0.090673,"ate_bias","lasso","T-learner"
"tlasso","ate_bias_sd",1.065269,"ate_bias","lasso","T-learner"
"tlasso","bias_sq",1.136852,"other","lasso","T-learner"
"tlasso","variance",5.243743,"other","lasso","T-learner"
"tlasso","norm_bias_sq",0.076307,"bias_variance","lasso","T-learner"
"tlasso","norm_variance",0.356715,"bias_variance","lasso","T-learner"
"xboost","mse_median",10.469098,"MSE","boost","X-learner"
"xboost","mse_p10",6.818273,"MSE","boost","X-learner"
"xboost","mse_p25",8.172161,"MSE","boost","X-learner"
"xboost","mse_p75",14.034916,"MSE","boost","X-learner"
"xboost","mse_p90",16.720397,"MSE","boost","X-learner"
"xboost","mse_mean",11.655351,"MSE","boost","X-learner"
"xboost","nmse_median",0.71225,"nMSE","boost","X-learner"
"xboost","nmse_p10",0.46102,"nMSE","boost","X-learner"
"xboost","nmse_p25",0.5585,"nMSE","boost","X-learner"
"xboost","nmse_p75",0.921775,"nMSE","boost","X-learner"
"xboost","nmse_p90",1.12869,"nMSE","boost","X-learner"
"xboost","nmse_mean",0.789265,"nMSE","boost","X-learner"
"xboost","pct_beats_zero",0.842391,"vs_zero_pred","boost","X-learner"
"xboost","pct_worse_zero",0.157609,"vs_zero_pred","boost","X-learner"
"xboost","rank_corr_mean",0.618036,"rank_correlation","boost","X-learner"
"xboost","rank_corr_sd",0.177872,"rank_correlation","boost","X-learner"
"xboost","rank_corr_p10",0.39471,"rank_correlation","boost","X-learner"
"xboost","rank_corr_p50",0.6533,"rank_correlation","boost","X-learner"
"xboost","rank_corr_p90",0.79274,"rank_correlation","boost","X-learner"
"xboost","sign_sg1_rate",0.918478,"sign_recovery","boost","X-learner"
"xboost","sign_sg2_rate",0.815217,"sign_recovery","boost","X-learner"
"xboost","sign_both_rate",0.73913,"sign_recovery","boost","X-learner"
"xboost","sign_sg2_ate_q1",0.913043,"sign_recovery","boost","X-learner"
"xboost","sign_sg2_ate_q4",0.717391,"sign_recovery","boost","X-learner"
"xboost","rec_sg1_p10",0.073,"recovery_ratio_sg1","boost","X-learner"
"xboost","rec_sg1_p25",0.309975,"recovery_ratio_sg1","boost","X-learner"
"xboost","rec_sg1_p50",0.5487,"recovery_ratio_sg1","boost","X-learner"
"xboost","rec_sg1_p75",0.827675,"recovery_ratio_sg1","boost","X-learner"
"xboost","rec_sg1_p90",1.00887,"recovery_ratio_sg1","boost","X-learner"
"xboost","rec_sg2_p10",-0.2627,"recovery_ratio_sg2","boost","X-learner"
"xboost","rec_sg2_p25",0.11205,"recovery_ratio_sg2","boost","X-learner"
"xboost","rec_sg2_p50",0.5263,"recovery_ratio_sg2","boost","X-learner"
"xboost","rec_sg2_p75",0.988775,"recovery_ratio_sg2","boost","X-learner"
"xboost","rec_sg2_p90",1.38512,"recovery_ratio_sg2","boost","X-learner"
"xboost","ate_bias_mean",-0.001685,"ate_bias","boost","X-learner"
"xboost","ate_bias_sd",1.21517,"ate_bias","boost","X-learner"
"xboost","bias_sq",1.468616,"other","boost","X-learner"
"xboost","variance",10.186735,"other","boost","X-learner"
"xboost","norm_bias_sq",0.098576,"bias_variance","boost","X-learner"
"xboost","norm_variance",0.690689,"bias_variance","boost","X-learner"
"xkern","mse_median",6.003787,"MSE","kernel","X-learner"
"xkern","mse_p10",2.438495,"MSE","kernel","X-learner"
"xkern","mse_p25",3.48769,"MSE","kernel","X-learner"
"xkern","mse_p75",8.24898,"MSE","kernel","X-learner"
"xkern","mse_p90",12.382372,"MSE","kernel","X-learner"
"xkern","mse_mean",6.666357,"MSE","kernel","X-learner"
"xkern","nmse_median",0.3883,"nMSE","kernel","X-learner"
"xkern","nmse_p10",0.16454,"nMSE","kernel","X-learner"
"xkern","nmse_p25",0.243775,"nMSE","kernel","X-learner"
"xkern","nmse_p75",0.54045,"nMSE","kernel","X-learner"
"xkern","nmse_p90",0.82694,"nMSE","kernel","X-learner"
"xkern","nmse_mean",0.449709,"nMSE","kernel","X-learner"
"xkern","pct_beats_zero",0.940217,"vs_zero_pred","kernel","X-learner"
"xkern","pct_worse_zero",0.059783,"vs_zero_pred","kernel","X-learner"
"xkern","rank_corr_mean",0.837382,"rank_correlation","kernel","X-learner"
"xkern","rank_corr_sd",0.121371,"rank_correlation","kernel","X-learner"
"xkern","rank_corr_p10",0.63591,"rank_correlation","kernel","X-learner"
"xkern","rank_corr_p50",0.87315,"rank_correlation","kernel","X-learner"
"xkern","rank_corr_p90",0.9559,"rank_correlation","kernel","X-learner"
"xkern","sign_sg1_rate",0.978261,"sign_recovery","kernel","X-learner"
"xkern","sign_sg2_rate",0.891304,"sign_recovery","kernel","X-learner"
"xkern","sign_both_rate",0.869565,"sign_recovery","kernel","X-learner"
"xkern","sign_sg2_ate_q1",0.934783,"sign_recovery","kernel","X-learner"
"xkern","sign_sg2_ate_q4",0.804348,"sign_recovery","kernel","X-learner"
"xkern","rec_sg1_p10",0.28297,"recovery_ratio_sg1","kernel","X-learner"
"xkern","rec_sg1_p25",0.4578,"recovery_ratio_sg1","kernel","X-learner"
"xkern","rec_sg1_p50",0.72925,"recovery_ratio_sg1","kernel","X-learner"
"xkern","rec_sg1_p75",0.957925,"recovery_ratio_sg1","kernel","X-learner"
"xkern","rec_sg1_p90",1.16427,"recovery_ratio_sg1","kernel","X-learner"
"xkern","rec_sg2_p10",-0.02533,"recovery_ratio_sg2","kernel","X-learner"
"xkern","rec_sg2_p25",0.281,"recovery_ratio_sg2","kernel","X-learner"
"xkern","rec_sg2_p50",0.63335,"recovery_ratio_sg2","kernel","X-learner"
"xkern","rec_sg2_p75",1.066275,"recovery_ratio_sg2","kernel","X-learner"
"xkern","rec_sg2_p90",1.45579,"recovery_ratio_sg2","kernel","X-learner"
"xkern","ate_bias_mean",0.036677,"ate_bias","kernel","X-learner"
"xkern","ate_bias_sd",1.096024,"ate_bias","kernel","X-learner"
"xkern","bias_sq",1.196085,"other","kernel","X-learner"
"xkern","variance",5.470271,"other","kernel","X-learner"
"xkern","norm_bias_sq",0.080283,"bias_variance","kernel","X-learner"
"xkern","norm_variance",0.369425,"bias_variance","kernel","X-learner"
"xlasso","mse_median",6.005555,"MSE","lasso","X-learner"
"xlasso","mse_p10",2.467709,"MSE","lasso","X-learner"
"xlasso","mse_p25",4.061662,"MSE","lasso","X-learner"
"xlasso","mse_p75",8.913514,"MSE","lasso","X-learner"
"xlasso","mse_p90",11.478517,"MSE","lasso","X-learner"
"xlasso","mse_mean",6.671964,"MSE","lasso","X-learner"
"xlasso","nmse_median",0.39745,"nMSE","lasso","X-learner"
"xlasso","nmse_p10",0.17117,"nMSE","lasso","X-learner"
"xlasso","nmse_p25",0.274475,"nMSE","lasso","X-learner"
"xlasso","nmse_p75",0.60805,"nMSE","lasso","X-learner"
"xlasso","nmse_p90",0.76627,"nMSE","lasso","X-learner"
"xlasso","nmse_mean",0.450777,"nMSE","lasso","X-learner"
"xlasso","pct_beats_zero",0.972826,"vs_zero_pred","lasso","X-learner"
"xlasso","pct_worse_zero",0.027174,"vs_zero_pred","lasso","X-learner"
"xlasso","rank_corr_mean",0.807247,"rank_correlation","lasso","X-learner"
"xlasso","rank_corr_sd",0.149753,"rank_correlation","lasso","X-learner"
"xlasso","rank_corr_p10",0.66538,"rank_correlation","lasso","X-learner"
"xlasso","rank_corr_p50",0.8326,"rank_correlation","lasso","X-learner"
"xlasso","rank_corr_p90",0.94831,"rank_correlation","lasso","X-learner"
"xlasso","sign_sg1_rate",0.967391,"sign_recovery","lasso","X-learner"
"xlasso","sign_sg2_rate",0.804348,"sign_recovery","lasso","X-learner"
"xlasso","sign_both_rate",0.771739,"sign_recovery","lasso","X-learner"
"xlasso","sign_sg2_ate_q1",0.869565,"sign_recovery","lasso","X-learner"
"xlasso","sign_sg2_ate_q4",0.695652,"sign_recovery","lasso","X-learner"
"xlasso","rec_sg1_p10",0.23093,"recovery_ratio_sg1","lasso","X-learner"
"xlasso","rec_sg1_p25",0.388425,"recovery_ratio_sg1","lasso","X-learner"
"xlasso","rec_sg1_p50",0.59425,"recovery_ratio_sg1","lasso","X-learner"
"xlasso","rec_sg1_p75",0.777775,"recovery_ratio_sg1","lasso","X-learner"
"xlasso","rec_sg1_p90",0.97293,"recovery_ratio_sg1","lasso","X-learner"
"xlasso","rec_sg2_p10",-0.19803,"recovery_ratio_sg2","lasso","X-learner"
"xlasso","rec_sg2_p25",0.101725,"recovery_ratio_sg2","lasso","X-learner"
"xlasso","rec_sg2_p50",0.4679,"recovery_ratio_sg2","lasso","X-learner"
"xlasso","rec_sg2_p75",0.911025,"recovery_ratio_sg2","lasso","X-learner"
"xlasso","rec_sg2_p90",1.14276,"recovery_ratio_sg2","lasso","X-learner"
"xlasso","ate_bias_mean",0.037958,"ate_bias","lasso","X-learner"
"xlasso","ate_bias_sd",1.078206,"ate_bias","lasso","X-learner"
"xlasso","bias_sq",1.157651,"other","lasso","X-learner"
"xlasso","variance",5.514314,"other","lasso","X-learner"
"xlasso","norm_bias_sq",0.077703,"bias_variance","lasso","X-learner"
"xlasso","norm_variance",0.373073,"bias_variance","lasso","X-learner"
"zero_pred","mse_median",15.283478,"MSE","baseline","Baseline"
"zero_pred","mse_p10",13.033628,"MSE","baseline","Baseline"
"zero_pred","mse_p25",14.056914,"MSE","baseline","Baseline"
"zero_pred","mse_p75",16.410591,"MSE","baseline","Baseline"
"zero_pred","mse_p90",17.564696,"MSE","baseline","Baseline"
"zero_pred","mse_mean",15.297761,"MSE","baseline","Baseline"
"zero_pred","nmse_median",1.0184,"nMSE","baseline","Baseline"
"zero_pred","nmse_p10",0.99471,"nMSE","baseline","Baseline"
"zero_pred","nmse_p25",1.00415,"nMSE","baseline","Baseline"
"zero_pred","nmse_p75",1.04375,"nMSE","baseline","Baseline"
"zero_pred","nmse_p90",1.06942,"nMSE","baseline","Baseline"
"zero_pred","nmse_mean",1.027274,"nMSE","baseline","Baseline"
"zero_pred","pct_beats_zero",0,"vs_zero_pred","baseline","Baseline"
"zero_pred","pct_worse_zero",0,"vs_zero_pred","baseline","Baseline"
"zero_pred","rank_corr_mean",NA,"rank_correlation","baseline","Baseline"
"zero_pred","rank_corr_sd",NA,"rank_correlation","baseline","Baseline"
"zero_pred","rank_corr_p10",NA,"rank_correlation","baseline","Baseline"
"zero_pred","rank_corr_p50",NA,"rank_correlation","baseline","Baseline"
"zero_pred","rank_corr_p90",NA,"rank_correlation","baseline","Baseline"
"zero_pred","sign_sg1_rate",0,"sign_recovery","baseline","Baseline"
"zero_pred","sign_sg2_rate",0,"sign_recovery","baseline","Baseline"
"zero_pred","sign_both_rate",0,"sign_recovery","baseline","Baseline"
"zero_pred","sign_sg2_ate_q1",0,"sign_recovery","baseline","Baseline"
"zero_pred","sign_sg2_ate_q4",0,"sign_recovery","baseline","Baseline"
"zero_pred","rec_sg1_p10",0,"recovery_ratio_sg1","baseline","Baseline"
"zero_pred","rec_sg1_p25",0,"recovery_ratio_sg1","baseline","Baseline"
"zero_pred","rec_sg1_p50",0,"recovery_ratio_sg1","baseline","Baseline"
"zero_pred","rec_sg1_p75",0,"recovery_ratio_sg1","baseline","Baseline"
"zero_pred","rec_sg1_p90",0,"recovery_ratio_sg1","baseline","Baseline"
"zero_pred","rec_sg2_p10",0,"recovery_ratio_sg2","baseline","Baseline"
"zero_pred","rec_sg2_p25",0,"recovery_ratio_sg2","baseline","Baseline"
"zero_pred","rec_sg2_p50",0,"recovery_ratio_sg2","baseline","Baseline"
"zero_pred","rec_sg2_p75",0,"recovery_ratio_sg2","baseline","Baseline"
"zero_pred","rec_sg2_p90",0,"recovery_ratio_sg2","baseline","Baseline"
"zero_pred","ate_bias_mean",0.671787,"ate_bias","baseline","Baseline"
"zero_pred","ate_bias_sd",0.312658,"ate_bias","baseline","Baseline"
"zero_pred","bias_sq",0.548522,"other","baseline","Baseline"
"zero_pred","variance",14.749238,"other","baseline","Baseline"
"zero_pred","norm_bias_sq",0.036818,"bias_variance","baseline","Baseline"
"zero_pred","norm_variance",0.990456,"bias_variance","baseline","Baseline"
